building,total_kwh,mean_kwh,min_kwh,max_kwh
Building A,142.5,15.833333333333334,11.9,20.4
Building B,189.5,21.055555555555557,16.9,26.7
